pkSeqID,stime,flgs,flgs_number,proto,proto_number,saddr,sport,daddr,dport,pkts,bytes,state,state_number,ltime,seq,dur,mean,stddev,sum,min,max,spkts,dpkts,sbytes,dbytes,rate,srate,drate,TnBPSrcIP,TnBPDstIP,TnP_PSrcIP,TnP_PDstIP,TnP_PerProto,TnP_Per_Dport,AR_P_Proto_P_SrcIP,AR_P_Proto_P_DstIP,N_IN_Conn_P_DstIP,N_IN_Conn_P_SrcIP,AR_P_Proto_P_Sport,AR_P_Proto_P_Dport,Pkts_P_State_P_Protocol_P_DestIP,Pkts_P_State_P_Protocol_P_SrcIP,attack,category,subcategory
3577246,1526351547,e,1,udp,3,192.168.100.148,41735,8.8.8.8,53,2,172,CON,2,1526351547,23414,0.007598,0.007598,0,0.007598,0.007598,0.007598,1,1,86,86,131.613586,0,0,3071,2580,39,30,78955,129,2.30406,269.721,15,20,263.227,0.322581,30,12,0,Normal,Normal
3577247,1526351547,e,1,udp,3,192.168.100.149,41448,8.8.8.8,53,2,172,CON,2,1526351547,23596,0.007321,0.007321,0,0.007321,0.007321,0.007321,1,1,86,86,136.593353,0,0,1898,2580,25,30,78955,129,1.98076,269.721,15,9,273.187,0.322581,30,8,0,Normal,Normal
3577248,1526351548,e,1,udp,3,192.168.100.147,44858,8.8.8.8,53,2,172,CON,2,1526351548,23905,0.007894,0.007894,0,0.007894,0.007894,0.007894,1,1,86,86,126.67849,0,0,2153,2580,28,30,78955,129,1.79417,269.721,15,11,253.357,0.322581,30,8,0,Normal,Normal
3577249,1526351591,e,1,udp,3,192.168.100.3,53586,202.12.27.33,53,2,1251,CON,2,1526351591,26868,0.15618,0.15618,0,0.15618,0.15618,0.15618,1,1,70,1181,6.402869,0,0,463674,2460,1962,4,78955,129,14.9164,12.5556,2,29,12.8057,0.322581,4,56,0,Normal,Normal
3577250,1526351591,e,1,udp,3,192.168.100.3,18535,202.12.27.33,53,2,1209,CON,2,1526351591,26869,0.162404,0.162404,0,0.162404,0.162404,0.162404,1,1,70,1139,6.157484,0,0,463674,2460,1962,4,78955,129,14.9164,12.5556,2,29,12.315,0.322581,4,56,0,Normal,Normal
3577251,1526351609,e,1,udp,3,192.168.100.150,39053,192.168.217.2,53,2,172,INT,4,1526351611,26951,2.501064,0,0,0,0,0,2,0,172,0,0.39983,0.39983,0,2328,3182,30,37,78955,129,1.58971,0.870395,20,11,0.79966,0.322581,37,10,0,Normal,Normal
3577252,1526351615,e,1,udp,3,192.168.100.150,60153,8.8.8.8,53,2,172,CON,2,1526351615,26961,0.007359,0.007359,0,0.007359,0.007359,0.007359,1,1,86,86,135.888031,0,0,2328,2580,30,30,78955,129,1.58971,269.721,15,11,271.776,0.322581,30,10,0,Normal,Normal
3577253,1526351615,e,1,udp,3,192.168.100.148,55090,192.168.217.2,53,2,172,INT,4,1526351618,26976,2.499975,0,0,0,0,0,2,0,172,0,0.400004,0.400004,0,3071,3182,39,37,78955,129,2.30406,0.870395,20,20,0.800008,0.322581,37,17,0,Normal,Normal
3577254,1526351616,e,1,udp,3,192.168.100.149,58139,192.168.217.2,53,2,172,INT,4,1526351618,26978,2.501068,0,0,0,0,0,2,0,172,0,0.399829,0.399829,0,1898,3182,25,37,78955,129,1.98076,0.870395,20,9,0.799658,0.322581,37,7,0,Normal,Normal
3577255,1526351617,e,1,udp,3,192.168.100.147,41246,192.168.217.2,53,2,172,INT,4,1526351619,26992,2.500974,0,0,0,0,0,2,0,172,0,0.399844,0.399844,0,2153,3182,28,37,78955,129,1.79417,0.870395,20,11,0.799688,0.322581,37,10,0,Normal,Normal
3577256,1526351622,e,1,udp,3,192.168.100.148,46862,8.8.8.8,53,2,172,CON,2,1526351622,27021,0.007215,0.007215,0,0.007215,0.007215,0.007215,1,1,86,86,138.600128,0,0,3071,2580,39,30,78955,129,2.30406,269.721,15,20,277.2,0.322581,30,12,0,Normal,Normal
3577257,1526351677,e,1,udp,3,192.168.100.148,59637,224.0.0.251,5353,1,88,INT,4,1526351677,1617,0,0,0,0,0,0,1,0,88,0,0,0,0,3071,728,39,8,78955,9,2.30406,0,8,20,0,0,8,17,0,Normal,Normal
3577258,1526351683,e,1,udp,3,192.168.100.148,50355,224.0.0.251,5353,1,83,INT,4,1526351683,1652,0,0,0,0,0,0,1,0,83,0,0,0,0,3071,728,39,8,78955,9,2.30406,0,8,20,0,0,8,17,0,Normal,Normal
3577259,1526351685,e,1,udp,3,192.168.100.148,46152,224.0.0.251,5353,1,60,INT,4,1526351685,1671,0,0,0,0,0,0,1,0,60,0,0,0,0,3071,728,39,8,78955,9,2.30406,0,8,20,0,0,8,17,0,Normal,Normal
3577260,1526351705,e,1,udp,3,192.168.100.148,58337,224.0.0.251,5353,1,88,INT,4,1526351705,1787,0,0,0,0,0,0,1,0,88,0,0,0,0,3071,728,39,8,78955,9,2.30406,0,8,20,0,0,8,17,0,Normal,Normal
3577261,1526351710,e,1,udp,3,192.168.100.148,54218,224.0.0.251,5353,1,83,INT,4,1526351710,1819,0,0,0,0,0,0,1,0,83,0,0,0,0,3071,728,39,8,78955,9,2.30406,0,8,20,0,0,8,17,0,Normal,Normal
3577262,1526351712,e,1,udp,3,192.168.100.148,55376,192.168.217.2,53,2,172,INT,4,1526351714,1835,2.501056,0,0,0,0,0,2,0,172,0,0.399831,0.399831,0,3071,3182,39,37,78955,129,2.30406,0.870395,20,20,0.799662,0.322581,37,17,0,Normal,Normal
3577263,1526351717,e,1,arp,2,192.168.100.148,-1,192.168.100.1,-1,2,120,CON,2,1526351717,1874,0.000154,0.000154,0,0.000154,0.000154,0.000154,1,1,60,60,6493.506836,0,0,3071,4017,39,56,54,54,0.00778292,0.00841392,10,20,0.00908704,0.00908704,50,10,0,Normal,Normal
3577264,1526351718,e,1,udp,3,192.168.100.148,37054,8.8.8.8,53,2,172,CON,2,1526351718,1883,0.007235,0.007235,0,0.007235,0.007235,0.007235,1,1,86,86,138.216995,0,0,3071,2580,39,30,78955,129,2.30406,269.721,15,20,276.434,0.322581,30,12,0,Normal,Normal
3577265,1526351723,e,1,udp,3,192.168.100.27,58999,192.168.100.1,53,4,845,CON,2,1526352076,3027,353.343842,1.413027,1.401733,2.826054,0.011294,2.81476,2,2,189,656,0.00849,0.002853,0.00283,1515,4017,14,56,78955,129,0.0169719,0.0169719,10,4,0.0169719,0.322581,6,6,0,Normal,Normal
3577266,1526351728,e,1,arp,2,192.168.100.27,-1,192.168.100.1,-1,6,360,CON,2,1526352532,3060,804.353699,0.000093,0.000022,0.000278,0.000068,0.000122,3,3,180,180,0.006216,0.002486,0.002486,1515,4017,14,56,54,54,0.00994587,0.00841392,10,4,0.00908704,0.00908704,50,8,0,Normal,Normal
3577267,1526351635,e &,7,tcp,1,192.168.100.55,8080,192.168.100.3,80,44258,44215889,CON,2,1526352733,2,1097.527954,4.948982,0.231829,1073.929199,1.546869,4.998516,22129,22129,22429815,21786074,40.324257,20.161673,20.161673,44215889,59035649,44258,77743,89871,140873,40.3252,19.8238,4,1,40.3252,22.6034,65334,44258,0,Normal,Normal
3577268,1526351635,e,1,udp,3,192.168.100.46,80,192.168.100.5,80,22134,20897056,INT,4,1526352733,1,1097.782104,4.93893,0.268895,1071.747803,0.999546,4.999995,22134,0,20897056,0,20.16156,20.16156,0,86234105,86234105,89029,89029,78955,140873,30.2432,30.2432,3,3,20.1625,30.2432,22134,22134,0,Normal,Normal
3577269,1526351635,e,1,tcp,1,192.168.100.46,80,192.168.100.5,80,22631,20975109,CON,2,1526352733,3,1097.595703,4.944588,0.268722,1072.975586,0.999551,4.999988,22631,0,20975109,0,20.617792,20.617792,0,86234105,86234105,89029,89029,89871,140873,20.6187,20.6187,3,3,13.7517,22.6034,22631,22631,0,Normal,Normal
3577270,1526351635,e,1,tcp,1,192.168.100.5,0,192.168.100.3,0,13490,11829764,CON,2,1526352733,4,1098.481567,4.912219,0.291873,1065.951538,0.646335,4.999986,13490,0,11829764,0,12.279678,12.279678,0,11829764,59035649,13490,77743,89871,13493,12.2806,19.8238,4,1,12.2806,12.2806,65334,13490,0,Normal,Normal
3577271,1526351635,e,1,udp,3,192.168.100.46,3456,192.168.100.5,80,44264,44361940,CON,2,1526352733,7,1097.685791,4.947291,0.245391,1073.562134,1.348159,4.999958,22132,22132,22414140,21947800,40.323925,20.161507,20.161507,86234105,86234105,89029,89029,78955,140873,30.2432,30.2432,3,3,40.3248,30.2432,44264,44264,0,Normal,Normal
3577272,1526351635,e,1,tcp,1,192.168.100.6,80,192.168.100.3,80,7586,2245456,CON,2,1526352735,8,1099.732666,4.882988,0.058922,1054.725464,4.448159,4.999998,7586,0,2245456,0,6.897131,6.897131,0,2245456,59035649,7586,77743,89871,140873,6.89804,19.8238,4,1,13.7517,22.6034,65334,7586,0,Normal,Normal
3577273,1526351635,e,1,udp,3,192.168.100.7,365,192.168.100.3,565,12409,744540,INT,4,1526352734,9,1098.546875,4.906977,0.301763,1064.813965,0.497184,4.999999,12409,0,744540,0,11.294921,11.294921,0,744540,59035649,12409,77743,78955,12409,11.2958,11.2958,4,1,11.2958,11.2958,12409,12409,0,Normal,Normal
3577274,1526351635,e,1,tcp,1,192.168.100.3,59552,13.55.154.73,8883,1906,439173,CON,2,1526352732,16,1096.894165,3.716733,1.235629,799.097717,0.497578,4.999979,953,953,376275,62898,1.736722,0.867905,0.867905,463674,439173,1962,1906,89871,1906,1.73763,1.73763,1,29,1.73763,1.73763,1906,1906,0,Normal,Normal
3577275,1526351814,e,1,udp,3,192.168.100.3,62980,192.203.230.10,53,2,1327,CON,2,1526351814,3653,0.015835,0.015835,0,0.015835,0.015835,0.015835,1,1,98,1229,63.151245,0,0,463674,2536,1962,4,78955,129,14.9164,128.465,2,29,126.302,0.322581,4,56,0,Normal,Normal
3577276,1526351814,e,1,udp,3,192.168.100.3,16174,192.203.230.10,53,2,1209,CON,2,1526351814,3654,0.015302,0.015302,0,0.015302,0.015302,0.015302,1,1,70,1139,65.350937,0,0,463674,2536,1962,4,78955,129,14.9164,128.465,2,29,130.702,0.322581,4,56,0,Normal,Normal
3577277,1526351815,e,1,udp,3,192.168.100.3,25744,192.55.83.30,53,2,866,CON,2,1526351815,3660,0.169072,0.169072,0,0.169072,0.169072,0.169072,1,1,98,768,5.91464,0,0,463674,866,1962,2,78955,129,14.9164,11.8293,1,29,11.8293,0.322581,2,56,0,Normal,Normal
3577278,1526351815,e,1,udp,3,192.168.100.3,10538,96.7.49.66,53,2,333,CON,2,1526351815,3661,0.315784,0.315784,0,0.315784,0.315784,0.315784,1,1,98,235,3.166722,0,0,463674,333,1962,2,78955,129,14.9164,6.33344,1,29,6.33344,0.322581,2,56,0,Normal,Normal
3577279,1526351815,e,1,udp,3,192.168.100.3,52372,205.251.198.119,53,2,366,CON,2,1526351816,3664,0.342369,0.342369,0,0.342369,0.342369,0.342369,1,1,98,268,2.920825,0,0,463674,366,1962,2,78955,129,14.9164,5.84165,1,29,5.84165,0.322581,2,56,0,Normal,Normal
3577280,1526351816,e,1,udp,3,192.168.100.3,40330,192.33.14.30,53,2,936,CON,2,1526351816,3665,0.011125,0.011125,0,0.011125,0.011125,0.011125,1,1,91,845,89.887642,0,0,463674,1872,1962,4,78955,129,14.9164,181.455,2,29,179.775,0.322581,4,56,0,Normal,Normal
3577281,1526351816,e,1,udp,3,192.168.100.3,36968,192.33.14.30,53,2,936,CON,2,1526351816,3666,0.010919,0.010919,0,0.010919,0.010919,0.010919,1,1,91,845,91.583481,0,0,463674,1872,1962,4,78955,129,14.9164,181.455,2,29,183.167,0.322581,4,56,0,Normal,Normal
3577282,1526351816,e,1,udp,3,192.168.100.3,27190,192.58.128.30,53,2,1310,CON,2,1526351816,3671,0.015667,0.015667,0,0.015667,0.015667,0.015667,1,1,91,1219,63.828426,0,0,463674,3829,1962,6,78955,129,14.9164,129.609,3,29,127.657,0.322581,6,56,0,Normal,Normal
3577283,1526351816,e,1,udp,3,192.168.100.3,40018,192.58.128.30,53,2,1310,CON,2,1526351816,3672,0.015716,0.015716,0,0.015716,0.015716,0.015716,1,1,91,1219,63.629425,0,0,463674,3829,1962,6,78955,129,14.9164,129.609,3,29,127.259,0.322581,6,56,0,Normal,Normal
3577284,1526351816,e,1,udp,3,192.168.100.3,35686,192.58.128.30,53,2,1209,CON,2,1526351816,3673,0.01491,0.01491,0,0.01491,0.01491,0.01491,1,1,70,1139,67.069077,0,0,463674,3829,1962,6,78955,129,14.9164,129.609,3,29,134.138,0.322581,6,56,0,Normal,Normal
3577285,1526351816,e,1,udp,3,192.168.100.3,36007,205.251.196.160,53,2,467,CON,2,1526351816,3675,0.009813,0.009813,0,0.009813,0.009813,0.009813,1,1,91,376,101.905632,0,0,463674,946,1962,4,78955,129,14.9164,205.118,2,29,203.811,0.322581,4,56,0,Normal,Normal
3577286,1526351816,e,1,udp,3,192.168.100.3,22443,192.42.93.30,53,2,937,CON,2,1526351816,3676,0.165952,0.165952,0,0.165952,0.165952,0.165952,1,1,91,846,6.025839,0,0,463674,1874,1962,4,78955,129,14.9164,12.0502,2,29,12.0517,0.322581,4,56,0,Normal,Normal
3577287,1526351816,e,1,udp,3,192.168.100.3,52460,205.251.196.160,53,2,479,CON,2,1526351816,3677,0.009688,0.009688,0,0.009688,0.009688,0.009688,1,1,91,388,103.220474,0,0,463674,946,1962,4,78955,129,14.9164,205.118,2,29,206.441,0.322581,4,56,0,Normal,Normal
3577288,1526351816,e,1,udp,3,192.168.100.3,44615,192.42.93.30,53,2,937,CON,2,1526351816,3678,0.165992,0.165992,0,0.165992,0.165992,0.165992,1,1,91,846,6.024386,0,0,463674,1874,1962,4,78955,129,14.9164,12.0502,2,29,12.0488,0.322581,4,56,0,Normal,Normal
3577289,1526351816,e,1,udp,3,192.168.100.3,56558,192.33.4.12,53,2,483,CON,2,1526351816,3679,0.168275,0.168275,0,0.168275,0.168275,0.168275,1,1,74,409,5.942654,0,0,463674,483,1962,2,78955,129,14.9164,11.8853,1,29,11.8853,0.322581,2,56,0,Normal,Normal
3577290,1526351816,e,1,udp,3,192.168.100.3,47696,205.251.199.148,53,2,468,CON,2,1526351817,3682,0.350171,0.350171,0,0.350171,0.350171,0.350171,1,1,91,377,2.855748,0,0,463674,948,1962,4,78955,129,14.9164,5.67908,2,29,5.7115,0.322581,4,56,0,Normal,Normal
3577291,1526351816,e,1,udp,3,192.168.100.3,22707,205.251.199.148,53,2,480,CON,2,1526351817,3683,0.354169,0.354169,0,0.354169,0.354169,0.354169,1,1,91,389,2.823511,0,0,463674,948,1962,4,78955,129,14.9164,5.67908,2,29,5.64702,0.322581,4,56,0,Normal,Normal
3577292,1526351816,e,1,udp,3,192.168.100.3,15131,192.36.148.17,53,2,1295,CON,2,1526351816,3684,0.057892,0.057892,0,0.057892,0.057892,0.057892,1,1,82,1213,17.273544,0,0,463674,1295,1962,2,78955,129,14.9164,34.5471,1,29,34.5471,0.322581,2,56,0,Normal,Normal
3577293,1526351816,e,1,udp,3,192.168.100.3,56185,192.52.178.30,53,2,885,CON,2,1526351817,3685,0.16695,0.16695,0,0.16695,0.16695,0.16695,1,1,82,803,5.989817,0,0,463674,885,1962,2,78955,129,14.9164,11.9796,1,29,11.9796,0.322581,2,56,0,Normal,Normal
3577294,1526351817,e,1,udp,3,192.168.100.3,7938,192.41.162.30,53,2,859,CON,2,1526351817,3686,0.1665,0.1665,0,0.1665,0.1665,0.1665,1,1,74,785,6.006006,0,0,463674,859,1962,2,78955,129,14.9164,12.012,1,29,12.012,0.322581,2,56,0,Normal,Normal
3577295,1526351817,e,1,udp,3,192.168.100.3,4792,192.35.51.30,53,2,840,CON,2,1526351817,3692,0.165152,0.165152,0,0.165152,0.165152,0.165152,1,1,93,747,6.055028,0,0,463674,840,1962,2,78955,129,14.9164,12.1101,1,29,12.1101,0.322581,2,56,0,Normal,Normal
3577296,1526351817,e,1,udp,3,192.168.100.3,24953,205.251.195.97,53,2,323,CON,2,1526351818,3695,0.279079,0.279079,0,0.279079,0.279079,0.279079,1,1,93,230,3.583215,0,0,463674,323,1962,2,78955,129,14.9164,7.16643,1,29,7.16643,0.322581,2,56,0,Normal,Normal
3577297,1526351817,e,1,udp,3,192.168.100.3,6757,192.54.112.30,53,2,936,CON,2,1526351817,3696,0.196577,0.196577,0,0.196577,0.196577,0.196577,1,1,91,845,5.087065,0,0,463674,1872,1962,4,78955,129,14.9164,10.1623,2,29,10.1741,0.322581,4,56,0,Normal,Normal
3577298,1526351817,e,1,udp,3,192.168.100.3,43648,192.54.112.30,53,2,936,CON,2,1526351818,3697,0.197034,0.197034,0,0.197034,0.197034,0.197034,1,1,91,845,5.075266,0,0,463674,1872,1962,4,78955,129,14.9164,10.1623,2,29,10.1505,0.322581,4,56,0,Normal,Normal
3577299,1526351817,e,1,udp,3,192.168.100.3,41483,192.5.5.241,53,2,957,CON,2,1526351817,3698,0.027934,0.027934,0,0.027934,0.027934,0.027934,1,1,92,865,35.798668,0,0,463674,1914,1962,4,78955,129,14.9164,71.7875,2,29,71.5973,0.322581,4,56,0,Normal,Normal
3577300,1526351817,e,1,udp,3,192.168.100.3,1285,192.5.5.241,53,2,957,CON,2,1526351817,3699,0.027786,0.027786,0,0.027786,0.027786,0.027786,1,1,92,865,35.989349,0,0,463674,1914,1962,4,78955,129,14.9164,71.7875,2,29,71.9787,0.322581,4,56,0,Normal,Normal
3577301,1526351817,e,1,udp,3,192.168.100.3,47904,192.5.5.241,53,2,943,CON,2,1526351817,3700,0.028228,0.028228,0,0.028228,0.028228,0.028228,1,1,94,849,35.425819,0,0,48697,3095,190,6,142,122,9.49326,68.0797,3,74,70.8516,9.49326,6,122,0,Normal,Normal
3577302,1526351817,e,1,udp,3,192.168.100.3,44709,192.5.5.241,53,2,943,CON,2,1526351817,3701,0.02841,0.02841,0,0.02841,0.02841,0.02841,1,1,94,849,35.198872,0,0,48697,3095,190,6,142,122,9.49326,68.0797,3,74,70.3978,9.49326,6,122,0,Normal,Normal
3577303,1526351817,e,1,udp,3,192.168.100.3,60364,192.5.5.241,53,2,1209,CON,2,1526351817,3702,0.031494,0.031494,0,0.031494,0.031494,0.031494,1,1,70,1139,31.752081,0,0,48697,3095,190,6,142,122,9.49326,68.0797,3,74,63.5042,9.49326,6,122,0,Normal,Normal
3577304,1526351818,e,1,udp,3,192.168.100.3,47714,156.154.100.3,53,2,981,CON,2,1526351818,3703,0.012333,0.012333,0,0.012333,0.012333,0.012333,1,1,94,887,81.083275,0,0,48697,1962,190,4,142,122,9.49326,162.193,2,74,162.167,9.49326,4,122,0,Normal,Normal
3577305,1526351818,e,1,udp,3,192.168.100.3,51163,199.19.57.1,53,2,947,CON,2,1526351818,3708,0.2149,0.2149,0,0.2149,0.2149,0.2149,1,1,92,855,4.653327,0,0,48697,3788,190,8,142,122,9.49326,9.29799,4,74,9.30665,9.49326,8,122,0,Normal,Normal
3577306,1526351818,e,1,udp,3,192.168.100.3,25965,199.19.57.1,53,2,947,CON,2,1526351818,3709,0.215046,0.215046,0,0.215046,0.215046,0.215046,1,1,92,855,4.650168,0,0,48697,3788,190,8,142,122,9.49326,9.29799,4,74,9.30034,9.49326,8,122,0,Normal,Normal
3577307,1526351818,e,1,udp,3,192.168.100.3,9711,156.154.100.3,53,2,981,CON,2,1526351818,3711,0.012329,0.012329,0,0.012329,0.012329,0.012329,1,1,94,887,81.109581,0,0,48697,1962,190,4,142,122,9.49326,162.193,2,74,162.219,9.49326,4,122,0,Normal,Normal
3577308,1526351818,e,1,udp,3,192.168.100.3,43845,205.251.194.86,53,2,467,CON,2,1526351818,3713,0.288394,0.288394,0,0.288394,0.288394,0.288394,1,1,91,376,3.467479,0,0,48697,946,190,4,142,122,9.49326,6.86746,2,74,6.93496,9.49326,4,122,0,Normal,Normal
3577309,1526351818,e,1,udp,3,192.168.100.3,43980,205.251.194.86,53,2,479,CON,2,1526351818,3715,0.294063,0.294063,0,0.294063,0.294063,0.294063,1,1,91,388,3.400632,0,0,48697,946,190,4,142,122,9.49326,6.86746,2,74,6.80126,9.49326,4,122,0,Normal,Normal
3577310,1526351818,e,1,udp,3,192.168.100.3,30187,205.251.199.194,53,2,419,CON,2,1526351818,3716,0.340996,0.340996,0,0.340996,0.340996,0.340996,1,1,93,326,2.932586,0,0,48697,419,190,2,142,122,9.49326,5.86517,1,74,5.86517,9.49326,2,122,0,Normal,Normal
3577311,1526351818,e,1,udp,3,192.168.100.3,61382,192.12.94.30,53,2,936,CON,2,1526351818,3717,0.166266,0.166266,0,0.166266,0.166266,0.166266,1,1,91,845,6.014459,0,0,48697,3746,190,8,142,122,9.49326,12.04,4,74,12.0289,9.49326,8,122,0,Normal,Normal
3577312,1526351818,e,1,udp,3,192.168.100.3,26863,192.12.94.30,53,2,936,CON,2,1526351818,3718,0.166182,0.166182,0,0.166182,0.166182,0.166182,1,1,91,845,6.017499,0,0,48697,3746,190,8,142,122,9.49326,12.04,4,74,12.035,9.49326,8,122,0,Normal,Normal
3577313,1526351818,e,1,udp,3,192.168.100.3,33288,192.12.94.30,53,2,937,CON,2,1526351818,3719,0.165992,0.165992,0,0.165992,0.165992,0.165992,1,1,91,846,6.024386,0,0,48697,3746,190,8,142,122,9.49326,12.04,4,74,12.0488,9.49326,8,122,0,Normal,Normal
3577314,1526351818,e,1,udp,3,192.168.100.3,42905,192.12.94.30,53,2,937,CON,2,1526351818,3720,0.166014,0.166014,0,0.166014,0.166014,0.166014,1,1,91,846,6.023588,0,0,48697,3746,190,8,142,122,9.49326,12.04,4,74,12.0472,9.49326,8,122,0,Normal,Normal
3577315,1526351818,e,1,udp,3,192.168.100.3,55844,199.19.57.1,53,2,947,CON,2,1526351818,3723,0.21551,0.21551,0,0.21551,0.21551,0.21551,1,1,92,855,4.640156,0,0,48697,3788,190,8,142,122,9.49326,9.29799,4,74,9.28031,9.49326,8,122,0,Normal,Normal
3577316,1526351818,e,1,udp,3,192.168.100.3,30179,199.19.57.1,53,2,947,CON,2,1526351818,3724,0.214945,0.214945,0,0.214945,0.214945,0.214945,1,1,92,855,4.652353,0,0,48697,3788,190,8,142,122,9.49326,9.29799,4,74,9.30471,9.49326,8,122,0,Normal,Normal
3577317,1526351818,e,1,udp,3,192.168.100.3,7368,205.251.199.61,53,2,486,CON,2,1526351818,3725,0.352041,0.352041,0,0.352041,0.352041,0.352041,1,1,94,392,2.840578,0,0,48697,486,190,2,142,122,9.49326,5.68116,1,74,5.68116,9.49326,2,122,0,Normal,Normal
3577318,1526351818,e,1,udp,3,192.168.100.3,17795,205.251.195.185,53,2,474,CON,2,1526351818,3726,0.280261,0.280261,0,0.280261,0.280261,0.280261,1,1,94,380,3.568102,0,0,48697,474,190,2,142,122,9.49326,7.13621,1,74,7.13621,9.49326,2,122,0,Normal,Normal
3577319,1526351818,e,1,udp,3,192.168.100.3,26308,205.251.194.201,53,2,482,CON,2,1526351818,3727,0.281482,0.281482,0,0.281482,0.281482,0.281482,1,1,92,390,3.552625,0,0,48697,952,190,4,142,122,9.49326,6.96398,2,74,7.10525,9.49326,4,122,0,Normal,Normal
3577320,1526351818,e,1,udp,3,192.168.100.3,60375,205.251.194.201,53,2,470,CON,2,1526351818,3728,0.292902,0.292902,0,0.292902,0.292902,0.292902,1,1,92,378,3.414111,0,0,48697,952,190,4,142,122,9.49326,6.96398,2,74,6.82822,9.49326,4,122,0,Normal,Normal
3577321,1526351818,e,1,udp,3,192.168.100.3,26536,205.251.198.239,53,2,479,CON,2,1526351818,3729,0.344549,0.344549,0,0.344549,0.344549,0.344549,1,1,91,388,2.902345,0,0,48697,946,190,4,142,122,9.49326,5.73515,2,74,5.80469,9.49326,4,122,0,Normal,Normal
3577322,1526351818,e,1,udp,3,192.168.100.3,62220,205.251.198.239,53,2,467,CON,2,1526351818,3730,0.352904,0.352904,0,0.352904,0.352904,0.352904,1,1,91,376,2.833632,0,0,48697,946,190,4,142,122,9.49326,5.73515,2,74,5.66726,9.49326,4,122,0,Normal,Normal
3577323,1526351818,e,1,udp,3,192.168.100.3,33597,205.251.193.205,53,2,468,CON,2,1526351819,3731,0.325693,0.325693,0,0.325693,0.325693,0.325693,1,1,91,377,3.070376,0,0,48697,948,190,4,142,122,9.49326,6.18779,2,74,6.14075,9.49326,4,122,0,Normal,Normal
3577324,1526351818,e,1,udp,3,192.168.100.3,29264,205.251.193.205,53,2,480,CON,2,1526351819,3732,0.320741,0.320741,0,0.320741,0.320741,0.320741,1,1,91,389,3.11778,0,0,48697,948,190,4,142,122,9.49326,6.18779,2,74,6.23556,9.49326,4,122,0,Normal,Normal
3577325,1526351818,e,1,udp,3,192.168.100.3,10000,199.7.83.42,53,2,1401,CON,2,1526351819,3733,0.015051,0.015051,0,0.015051,0.015051,0.015051,1,1,70,1331,66.440765,0,0,48697,1884,190,4,142,122,9.49326,176.118,2,74,132.882,9.49326,4,122,0,Normal,Normal
3577326,1526351818,e,1,udp,3,192.168.100.3,8938,199.7.83.42,53,2,483,CON,2,1526351819,3734,0.007661,0.007661,0,0.007661,0.007661,0.007661,1,1,74,409,130.531265,0,0,48697,1884,190,4,142,122,9.49326,176.118,2,74,261.063,9.49326,4,122,0,Normal,Normal
3577327,1526351818,e,1,udp,3,192.168.100.3,31685,205.251.196.32,53,2,482,CON,2,1526351819,3735,0.009492,0.009492,0,0.009492,0.009492,0.009492,1,1,92,390,105.351883,0,0,48697,952,190,4,142,122,9.49326,211.048,2,74,210.704,9.49326,4,122,0,Normal,Normal
3577328,1526351818,e,1,udp,3,192.168.100.3,16569,205.251.196.32,53,2,470,CON,2,1526351819,3736,0.009461,0.009461,0,0.009461,0.009461,0.009461,1,1,92,378,105.697075,0,0,48697,952,190,4,142,122,9.49326,211.048,2,74,211.394,9.49326,4,122,0,Normal,Normal
3577329,1526351819,e,1,udp,3,192.168.100.3,8277,198.41.0.4,53,2,1290,CON,2,1526351819,3737,0.173872,0.173872,0,0.173872,0.173872,0.173872,1,1,81,1209,5.751358,0,0,48697,1290,190,2,142,122,9.49326,11.5027,1,74,11.5027,9.49326,2,122,0,Normal,Normal
3577330,1526351819,e,1,udp,3,192.168.100.3,50452,192.55.83.30,53,2,883,CON,2,1526351819,3743,0.167449,0.167449,0,0.167449,0.167449,0.167449,1,1,81,802,5.971968,0,0,48697,883,190,2,142,122,9.49326,11.9439,1,74,11.9439,9.49326,2,122,0,Normal,Normal
3577331,1526351819,e,1,udp,3,192.168.100.3,5250,192.48.79.30,53,2,859,CON,2,1526351819,3744,0.193782,0.193782,0,0.193782,0.193782,0.193782,1,1,74,785,5.160438,0,0,48697,859,190,2,142,122,9.49326,10.3209,1,74,10.3209,9.49326,2,122,0,Normal,Normal
3577332,1526351821,e,1,udp,3,192.168.100.3,24846,205.251.193.2,53,2,359,CON,2,1526351821,3759,0.298522,0.298522,0,0.298522,0.298522,0.298522,1,1,111,248,3.349837,0,0,48697,718,190,4,142,122,9.49326,6.52255,2,74,6.69967,9.49326,4,122,0,Normal,Normal
3577333,1526351821,e,1,udp,3,192.168.100.3,57683,205.251.193.2,53,2,359,CON,2,1526351821,3760,0.314735,0.314735,0,0.314735,0.314735,0.314735,1,1,111,248,3.177276,0,0,48697,718,190,4,142,122,9.49326,6.52255,2,74,6.35455,9.49326,4,122,0,Normal,Normal
3577334,1526351821,e,1,udp,3,192.168.100.3,27332,192.41.162.30,53,2,936,CON,2,1526351822,3764,0.169148,0.169148,0,0.169148,0.169148,0.169148,1,1,91,845,5.911983,0,0,48697,3746,190,8,142,122,9.49326,11.8287,4,74,11.824,9.49326,8,122,0,Normal,Normal
3577335,1526351821,e,1,udp,3,192.168.100.3,40306,192.41.162.30,53,2,936,CON,2,1526351822,3765,0.169052,0.169052,0,0.169052,0.169052,0.169052,1,1,91,845,5.915339,0,0,48697,3746,190,8,142,122,9.49326,11.8287,4,74,11.8307,9.49326,8,122,0,Normal,Normal
3577336,1526351821,e,1,udp,3,192.168.100.3,8333,199.19.56.1,53,2,947,CON,2,1526351822,3766,0.258123,0.258123,0,0.258123,0.258123,0.258123,1,1,92,855,3.874122,0,0,48697,1894,190,4,142,122,9.49326,7.7518,2,74,7.74824,9.49326,4,122,0,Normal,Normal
3577337,1526351821,e,1,udp,3,192.168.100.3,20916,199.19.56.1,53,2,947,CON,2,1526351822,3767,0.257886,0.257886,0,0.257886,0.257886,0.257886,1,1,92,855,3.877682,0,0,48697,1894,190,4,142,122,9.49326,7.7518,2,74,7.75536,9.49326,4,122,0,Normal,Normal
3577338,1526351822,e,1,udp,3,192.168.100.3,24682,192.41.162.30,53,2,937,CON,2,1526351822,3768,0.169106,0.169106,0,0.169106,0.169106,0.169106,1,1,91,846,5.913451,0,0,48697,3746,190,8,142,122,9.49326,11.8287,4,74,11.8269,9.49326,8,122,0,Normal,Normal
3577339,1526351822,e,1,udp,3,192.168.100.3,11491,192.41.162.30,53,2,937,CON,2,1526351822,3769,0.169014,0.169014,0,0.169014,0.169014,0.169014,1,1,91,846,5.916669,0,0,48697,3746,190,8,142,122,9.49326,11.8287,4,74,11.8333,9.49326,8,122,0,Normal,Normal
3577340,1526351822,e,1,udp,3,192.168.100.3,28397,156.154.101.3,53,2,981,CON,2,1526351822,3770,0.011309,0.011309,0,0.011309,0.011309,0.011309,1,1,94,887,88.425148,0,0,48697,1962,190,4,142,122,9.49326,173.77,2,74,176.85,9.49326,4,122,0,Normal,Normal
3577341,1526351822,e,1,udp,3,192.168.100.3,45138,156.154.101.3,53,2,981,CON,2,1526351822,3771,0.01171,0.01171,0,0.01171,0.01171,0.01171,1,1,94,887,85.397095,0,0,48697,1962,190,4,142,122,9.49326,173.77,2,74,170.794,9.49326,4,122,0,Normal,Normal
3577342,1526351822,e,1,udp,3,192.168.100.3,13875,205.251.197.206,53,2,474,CON,2,1526351822,3776,0.01041,0.01041,0,0.01041,0.01041,0.01041,1,1,94,380,96.061485,0,0,48697,960,190,4,142,122,9.49326,196.358,2,74,192.123,9.49326,4,122,0,Normal,Normal
3577343,1526351822,e,1,udp,3,192.168.100.3,8005,205.251.197.206,53,2,486,CON,2,1526351822,3778,0.009961,0.009961,0,0.009961,0.009961,0.009961,1,1,94,392,100.391533,0,0,48697,960,190,4,142,122,9.49326,196.358,2,74,200.783,9.49326,4,122,0,Normal,Normal
3577344,1526351822,e,1,udp,3,192.168.100.3,13863,205.251.192.170,53,2,482,CON,2,1526351822,3779,0.302959,0.302959,0,0.302959,0.302959,0.302959,1,1,92,390,3.300777,0,0,48697,952,190,4,142,122,9.49326,6.46615,2,74,6.60155,9.49326,4,122,0,Normal,Normal
3577345,1526351822,e,1,udp,3,192.168.100.3,19572,205.251.192.170,53,2,470,CON,2,1526351822,3780,0.315647,0.315647,0,0.315647,0.315647,0.315647,1,1,92,378,3.168096,0,0,48697,952,190,4,142,122,9.49326,6.46615,2,74,6.33619,9.49326,4,122,0,Normal,Normal
3577346,1526351822,e,1,udp,3,192.168.100.3,45054,205.251.195.59,53,2,468,CON,2,1526351822,3783,0.29369,0.29369,0,0.29369,0.29369,0.29369,1,1,91,377,3.404951,0,0,48697,948,190,4,142,122,9.49326,6.92517,2,74,6.8099,9.49326,4,122,0,Normal,Normal
3577347,1526351822,e,1,udp,3,192.168.100.3,52681,205.251.195.59,53,2,480,CON,2,1526351823,3784,0.283913,0.283913,0,0.283913,0.283913,0.283913,1,1,91,389,3.522206,0,0,48697,948,190,4,142,122,9.49326,6.92517,2,74,7.04441,9.49326,4,122,0,Normal,Normal
3577348,1526351822,e,1,udp,3,192.168.100.3,13907,205.251.198.91,53,2,405,CON,2,1526351823,3785,0.345979,0.345979,0,0.345979,0.345979,0.345979,1,1,111,294,2.890349,0,0,48697,1596,190,8,142,122,9.49326,5.76083,4,74,5.7807,9.49326,8,122,0,Normal,Normal
3577349,1526351822,e,1,udp,3,192.168.100.3,37002,205.251.198.91,53,2,405,CON,2,1526351823,3786,0.347323,0.347323,0,0.347323,0.347323,0.347323,1,1,111,294,2.879164,0,0,48697,1596,190,8,142,122,9.49326,5.76083,4,74,5.75833,9.49326,8,122,0,Normal,Normal
3577350,1526351822,e,1,udp,3,192.168.100.3,26098,205.251.198.91,53,2,393,CON,2,1526351823,3787,0.342272,0.342272,0,0.342272,0.342272,0.342272,1,1,108,285,2.921653,0,0,48697,1596,190,8,142,122,9.49326,5.76083,4,74,5.84331,9.49326,8,122,0,Normal,Normal
3577351,1526351822,e,1,udp,3,192.168.100.3,11550,205.251.198.91,53,2,393,CON,2,1526351823,3788,0.353115,0.353115,0,0.353115,0.353115,0.353115,1,1,108,285,2.831939,0,0,48697,1596,190,8,142,122,9.49326,5.76083,4,74,5.66388,9.49326,8,122,0,Normal,Normal
3577352,1526351822,e,1,udp,3,192.168.100.3,60668,205.251.194.84,53,2,479,CON,2,1526351823,3789,0.284523,0.284523,0,0.284523,0.284523,0.284523,1,1,91,388,3.514654,0,0,48697,946,190,4,142,122,9.49326,7.03766,2,74,7.02931,9.49326,4,122,0,Normal,Normal
3577353,1526351822,e,1,udp,3,192.168.100.3,39514,205.251.194.84,53,2,467,CON,2,1526351823,3790,0.283848,0.283848,0,0.283848,0.283848,0.283848,1,1,91,376,3.523012,0,0,48697,946,190,4,142,122,9.49326,7.03766,2,74,7.04602,9.49326,4,122,0,Normal,Normal
3577354,1526351823,e,1,udp,3,192.168.100.3,61030,192.26.92.30,53,2,854,CON,2,1526351823,3798,0.288069,0.288069,0,0.288069,0.288069,0.288069,1,1,100,754,3.47139,0,0,48697,1708,190,4,142,122,9.49326,7.04171,2,74,6.94278,9.49326,4,122,0,Normal,Normal
3577355,1526351824,e,1,udp,3,192.168.100.3,1031,192.26.92.30,53,2,854,CON,2,1526351824,3806,0.279975,0.279975,0,0.279975,0.279975,0.279975,1,1,100,754,3.571748,0,0,48697,1708,190,4,142,122,9.49326,7.04171,2,74,7.1435,9.49326,4,122,0,Normal,Normal
3577356,1526351824,e,1,udp,3,192.168.100.3,56446,192.52.178.30,53,2,854,CON,2,1526351824,3807,0.167859,0.167859,0,0.167859,0.167859,0.167859,1,1,100,754,5.957381,0,0,48697,854,190,2,142,122,9.49326,11.9148,1,74,11.9148,9.49326,2,122,0,Normal,Normal
3577357,1526351824,e,1,udp,3,192.168.100.3,36242,205.251.194.102,53,2,397,CON,2,1526351825,3808,0.293476,0.293476,0,0.293476,0.293476,0.293476,1,1,106,291,3.407434,0,0,48697,694,190,4,142,122,9.49326,6.83201,2,74,6.81487,9.49326,4,122,0,Normal,Normal
3577358,1526351825,e,1,udp,3,192.168.100.3,63574,205.251.194.102,53,2,297,CON,2,1526351825,3809,0.292003,0.292003,0,0.292003,0.292003,0.292003,1,1,106,191,3.424622,0,0,48697,694,190,4,142,122,9.49326,6.83201,2,74,6.84924,9.49326,4,122,0,Normal,Normal
3577359,1526351825,e,1,udp,3,192.168.100.3,59485,205.251.194.154,53,2,337,CON,2,1526351825,3815,0.277896,0.277896,0,0.277896,0.277896,0.277896,1,1,100,237,3.598469,0,0,48697,337,190,2,142,122,9.49326,7.19694,1,74,7.19694,9.49326,2,122,0,Normal,Normal
3577360,1526351825,e,1,udp,3,192.168.100.3,20844,192.31.80.30,53,2,936,CON,2,1526351825,3816,0.280742,0.280742,0,0.280742,0.280742,0.280742,1,1,91,845,3.56199,0,0,48697,1872,190,4,142,122,9.49326,7.12689,2,74,7.12398,9.49326,4,122,0,Normal,Normal
3577361,1526351825,e,1,udp,3,192.168.100.3,31102,192.31.80.30,53,2,936,CON,2,1526351825,3817,0.280513,0.280513,0,0.280513,0.280513,0.280513,1,1,91,845,3.564897,0,0,48697,1872,190,4,142,122,9.49326,7.12689,2,74,7.12979,9.49326,4,122,0,Normal,Normal
3668444,1529283913,e,1,arp,2,192.168.100.149,-1,192.168.100.6,-1,26,1560,CON,2,1529285076,10,1162.980103,0.000121,0.000027,0.001569,0.000082,0.000164,13,13,780,780,0.021496,0.010318,0.010318,2880,1560,48,26,54,54,0.0223564,0.0223564,1,12,0.0176528,0.0176528,26,26,1,Theft,Data_Exfiltration
3668445,1529284204,e,1,tcp,1,192.168.100.150,36682,192.168.100.3,22,28,5098,FIN,6,1529284204,30,0.489598,0.489598,0,0.489598,0.489598,0.489598,13,15,1640,3458,55.147282,24.509903,28.594887,40460,39140,259,237,395,215,11.9783,10.8675,8,19,57.1898,10.8675,215,215,1,Theft,Data_Exfiltration
3668446,1529284204,e,1,tcp,1,192.168.100.150,36684,192.168.100.3,22,31,5472,FIN,6,1529284208,31,3.207045,3.207045,0,3.207045,3.207045,3.207045,14,17,1802,3670,9.354405,4.053576,4.989016,40460,39140,259,237,395,215,11.9783,10.8675,8,19,9.66622,10.8675,215,215,1,Theft,Data_Exfiltration
3668447,1529284204,e,1,tcp,1,192.168.100.150,36686,192.168.100.3,22,32,5538,FIN,6,1529284207,32,2.738534,2.738534,0,2.738534,2.738534,2.738534,15,17,1868,3670,11.319925,5.112224,5.842542,40460,39140,259,237,395,215,11.9783,10.8675,8,19,11.6851,10.8675,215,215,1,Theft,Data_Exfiltration
3668448,1529284204,e,1,tcp,1,192.168.100.150,36688,192.168.100.3,22,31,5472,FIN,6,1529284207,33,2.73911,2.73911,0,2.73911,2.73911,2.73911,14,17,1802,3670,10.952463,4.746067,5.841313,40460,39140,259,237,395,215,11.9783,10.8675,8,19,11.3175,10.8675,215,215,1,Theft,Data_Exfiltration
3668449,1529284204,e,1,tcp,1,192.168.100.150,36690,192.168.100.3,22,32,5538,FIN,6,1529284207,34,2.740962,2.740962,0,2.740962,2.740962,2.740962,15,17,1868,3670,11.309897,5.107696,5.837367,40460,39140,259,237,395,215,11.9783,10.8675,8,19,11.6747,10.8675,215,215,1,Theft,Data_Exfiltration
3668450,1529380744,e,1,tcp,1,192.168.100.3,54766,192.168.100.149,4433,2,134,RST,1,1529380744,8,0.00011,0.00011,0,0.00011,0.00011,0.00011,1,1,74,60,9090.90918,0,0,6658,3082,100,46,395,94,13310.7,13621.6,23,48,18181.8,13310.7,46,94,1,Theft,Keylogging
3668451,1529380745,e,1,tcp,1,192.168.100.3,42954,192.168.100.150,4433,2,134,RST,1,1529380745,9,0.000112,0.000112,0,0.000112,0.000112,0.000112,1,1,74,60,8928.571289,0,0,6658,3576,100,54,395,94,13310.7,13025.8,25,48,17857.1,13310.7,48,94,1,Theft,Keylogging
3668452,1529380746,e,1,tcp,1,192.168.100.3,54768,192.168.100.149,4433,2,134,RST,1,1529380746,12,0.000109,0.000109,0,0.000109,0.000109,0.000109,1,1,74,60,9174.311523,0,0,6658,3082,100,46,395,94,13310.7,13621.6,23,48,18348.6,13310.7,46,94,1,Theft,Keylogging
3668453,1529380747,e,1,tcp,1,192.168.100.3,42956,192.168.100.150,4433,2,134,RST,1,1529380747,13,0.00016,0.00016,0,0.00016,0.00016,0.00016,1,1,74,60,6250,0,0,6658,3576,100,54,395,94,13310.7,13025.8,25,48,12500,13310.7,48,94,1,Theft,Keylogging
3668454,1529380748,e,1,tcp,1,192.168.100.3,54770,192.168.100.149,4433,2,134,RST,1,1529380748,14,0.000136,0.000136,0,0.000136,0.000136,0.000136,1,1,74,60,7352.940918,0,0,6658,3082,100,46,395,94,13310.7,13621.6,23,48,14705.9,13310.7,46,94,1,Theft,Keylogging
3668455,1529380749,e,1,tcp,1,192.168.100.3,42958,192.168.100.150,4433,2,134,RST,1,1529380749,15,0.000143,0.000143,0,0.000143,0.000143,0.000143,1,1,74,60,6993.007324,0,0,6658,3576,100,54,395,94,13310.7,13025.8,25,48,13986,13310.7,48,94,1,Theft,Keylogging
3668456,1529380750,e,1,arp,2,192.168.100.3,-1,192.168.100.150,-1,6,360,CON,2,1529381600,16,850.002686,0.000139,0.000079,0.000417,0.000051,0.000243,3,3,180,180,0.005882,0.002353,0.002353,6658,3576,100,54,54,54,0.0070588,0.0070588,25,48,0.0176528,0.0176528,6,6,1,Theft,Keylogging
3668457,1529380750,e,1,tcp,1,192.168.100.3,54772,192.168.100.149,4433,2,134,RST,1,1529380750,17,0.000113,0.000113,0,0.000113,0.000113,0.000113,1,1,74,60,8849.557617,0,0,6658,3082,100,46,395,94,13310.7,13621.6,23,48,17699.1,13310.7,46,94,1,Theft,Keylogging
3668458,1529380751,e,1,tcp,1,192.168.100.3,42960,192.168.100.150,4433,2,134,RST,1,1529380751,18,0.000155,0.000155,0,0.000155,0.000155,0.000155,1,1,74,60,6451.612793,0,0,6658,3576,100,54,395,94,13310.7,13025.8,25,48,12903.2,13310.7,48,94,1,Theft,Keylogging
3668459,1529380752,e,1,tcp,1,192.168.100.3,54774,192.168.100.149,4433,2,134,RST,1,1529380752,20,0.000145,0.000145,0,0.000145,0.000145,0.000145,1,1,74,60,6896.551758,0,0,6658,3082,100,46,395,94,13310.7,13621.6,23,48,13793.1,13310.7,46,94,1,Theft,Keylogging
3668460,1529380753,e,1,tcp,1,192.168.100.3,42962,192.168.100.150,4433,2,134,RST,1,1529380753,21,0.000098,0.000098,0,0.000098,0.000098,0.000098,1,1,74,60,10204.08203,0,0,6658,3576,100,54,395,94,13310.7,13025.8,25,48,20408.2,13310.7,48,94,1,Theft,Keylogging
3668461,1529380754,e,1,tcp,1,192.168.100.3,54776,192.168.100.149,4433,2,134,RST,1,1529380754,22,0.00012,0.00012,0,0.00012,0.00012,0.00012,1,1,74,60,8333.333984,0,0,6658,3082,100,46,395,94,13310.7,13621.6,23,48,16666.7,13310.7,46,94,1,Theft,Keylogging
3668462,1529380755,e,1,tcp,1,192.168.100.3,42964,192.168.100.150,4433,2,134,RST,1,1529380755,23,0.000143,0.000143,0,0.000143,0.000143,0.000143,1,1,74,60,6993.007324,0,0,6658,3576,100,54,395,94,13310.7,13025.8,25,48,13986,13310.7,48,94,1,Theft,Keylogging
3668463,1529380756,e,1,tcp,1,192.168.100.3,54778,192.168.100.149,4433,2,134,RST,1,1529380756,24,0.000177,0.000177,0,0.000177,0.000177,0.000177,1,1,74,60,5649.717773,0,0,6658,3082,100,46,395,94,13310.7,13621.6,23,48,11299.4,13310.7,46,94,1,Theft,Keylogging
3668464,1529380757,e,1,tcp,1,192.168.100.3,42966,192.168.100.150,4433,2,134,RST,1,1529380757,25,0.000159,0.000159,0,0.000159,0.000159,0.000159,1,1,74,60,6289.308105,0,0,6658,3576,100,54,395,94,13310.7,13025.8,25,48,12578.6,13310.7,48,94,1,Theft,Keylogging
3668465,1529380758,e,1,tcp,1,192.168.100.3,54780,192.168.100.149,4433,2,134,RST,1,1529380758,26,0.000145,0.000145,0,0.000145,0.000145,0.000145,1,1,74,60,6896.551758,0,0,6658,3082,100,46,395,94,13310.7,13621.6,23,48,13793.1,13310.7,46,94,1,Theft,Keylogging
3668466,1529380759,e,1,tcp,1,192.168.100.3,42968,192.168.100.150,4433,2,134,RST,1,1529380759,27,0.000199,0.000199,0,0.000199,0.000199,0.000199,1,1,74,60,5025.125488,0,0,6658,3576,100,54,395,94,13310.7,13025.8,25,48,10050.3,13310.7,48,94,1,Theft,Keylogging
3668467,1529380760,e,1,tcp,1,192.168.100.3,54782,192.168.100.149,4433,2,134,RST,1,1529380760,28,0.000196,0.000196,0,0.000196,0.000196,0.000196,1,1,74,60,5102.041016,0,0,6658,3082,100,46,395,94,13310.7,13621.6,23,48,10204.1,13310.7,46,94,1,Theft,Keylogging
3668468,1529380761,e,1,tcp,1,192.168.100.3,42970,192.168.100.150,4433,2,134,RST,1,1529380761,29,0.000172,0.000172,0,0.000172,0.000172,0.000172,1,1,74,60,5813.953613,0,0,6658,3576,100,54,395,94,13310.7,13025.8,25,48,11627.9,13310.7,48,94,1,Theft,Keylogging
3668469,1529380762,e,1,arp,2,192.168.100.150,-1,192.168.100.3,-1,22,1320,CON,2,1529381808,31,1046.019043,0.000047,0.000028,0.000518,0.000002,0.000108,11,11,660,660,0.020076,0.00956,0.00956,40460,39140,259,237,54,54,0.0210321,0.0210321,8,19,0.0176528,0.0176528,22,22,1,Theft,Keylogging
3668470,1529380762,e,1,tcp,1,192.168.100.3,54784,192.168.100.149,4433,2,134,RST,1,1529380762,32,0.000166,0.000166,0,0.000166,0.000166,0.000166,1,1,74,60,6024.09668,0,0,6658,3082,100,46,395,94,13310.7,13621.6,23,48,12048.2,13310.7,46,94,1,Theft,Keylogging
3668471,1529380763,e,1,tcp,1,192.168.100.3,42972,192.168.100.150,4433,2,134,RST,1,1529380763,33,0.000114,0.000114,0,0.000114,0.000114,0.000114,1,1,74,60,8771.929688,0,0,6658,3576,100,54,395,94,13310.7,13025.8,25,48,17543.9,13310.7,48,94,1,Theft,Keylogging
3668472,1529380764,e,1,tcp,1,192.168.100.3,54786,192.168.100.149,4433,2,134,RST,1,1529380764,34,0.000169,0.000169,0,0.000169,0.000169,0.000169,1,1,74,60,5917.159668,0,0,6658,3082,100,46,395,94,13310.7,13621.6,23,48,11834.3,13310.7,46,94,1,Theft,Keylogging
3668473,1529380765,e,1,tcp,1,192.168.100.3,42974,192.168.100.150,4433,2,134,RST,1,1529380765,35,0.000185,0.000185,0,0.000185,0.000185,0.000185,1,1,74,60,5405.405273,0,0,6658,3576,100,54,395,94,13310.7,13025.8,25,48,10810.8,13310.7,48,94,1,Theft,Keylogging
3668474,1529380766,e,1,tcp,1,192.168.100.3,54788,192.168.100.149,4433,2,134,RST,1,1529380766,36,0.00013,0.00013,0,0.00013,0.00013,0.00013,1,1,74,60,7692.307617,0,0,6658,3082,100,46,395,94,13310.7,13621.6,23,48,15384.6,13310.7,46,94,1,Theft,Keylogging
3668475,1529380767,e,1,tcp,1,192.168.100.3,42976,192.168.100.150,4433,2,134,RST,1,1529380767,37,0.00015,0.00015,0,0.00015,0.00015,0.00015,1,1,74,60,6666.666504,0,0,6658,3576,100,54,395,94,13310.7,13025.8,25,48,13333.3,13310.7,48,94,1,Theft,Keylogging
3668476,1529380768,e,1,tcp,1,192.168.100.3,54790,192.168.100.149,4433,2,134,RST,1,1529380768,38,0.000115,0.000115,0,0.000115,0.000115,0.000115,1,1,74,60,8695.652344,0,0,6658,3082,100,46,395,94,13310.7,13621.6,23,48,17391.3,13310.7,46,94,1,Theft,Keylogging
3668477,1529380769,e,1,tcp,1,192.168.100.3,42978,192.168.100.150,4433,2,134,RST,1,1529380769,39,0.000144,0.000144,0,0.000144,0.000144,0.000144,1,1,74,60,6944.444336,0,0,6658,3576,100,54,395,94,13310.7,13025.8,25,48,13888.9,13310.7,48,94,1,Theft,Keylogging
3668478,1529380770,e,1,tcp,1,192.168.100.3,42979,192.168.100.150,4433,2,134,RST,1,1529380770,40,0.000198,0.000198,0,0.000198,0.000198,0.000198,1,1,74,60,5050.505371,0,0,6658,3576,100,54,395,94,13310.7,13025.8,25,48,10101,13310.7,48,94,1,Theft,Keylogging
3668479,1529380770,e,1,tcp,1,192.168.100.3,54793,192.168.100.149,4433,2,134,RST,1,1529380770,41,0.00013,0.00013,0,0.00013,0.00013,0.00013,1,1,74,60,7692.307617,0,0,6658,3082,100,46,395,94,13310.7,13621.6,23,48,15384.6,13310.7,46,94,1,Theft,Keylogging
3668480,1529380772,e,1,tcp,1,192.168.100.3,42981,192.168.100.150,4433,2,134,RST,1,1529380772,42,0.000119,0.000119,0,0.000119,0.000119,0.000119,1,1,74,60,8403.361328,0,0,6658,3576,100,54,395,94,13310.7,13025.8,25,48,16806.7,13310.7,48,94,1,Theft,Keylogging
3668481,1529380772,e,1,tcp,1,192.168.100.3,54795,192.168.100.149,4433,2,134,RST,1,1529380772,43,0.000178,0.000178,0,0.000178,0.000178,0.000178,1,1,74,60,5617.977539,0,0,6658,3082,100,46,395,94,13310.7,13621.6,23,48,11236,13310.7,46,94,1,Theft,Keylogging
3668482,1529380774,e,1,tcp,1,192.168.100.3,42983,192.168.100.150,4433,2,134,RST,1,1529380774,44,0.000156,0.000156,0,0.000156,0.000156,0.000156,1,1,74,60,6410.256836,0,0,6658,3576,100,54,395,94,13310.7,13025.8,25,48,12820.5,13310.7,48,94,1,Theft,Keylogging
3668483,1529380774,e,1,tcp,1,192.168.100.3,54797,192.168.100.149,4433,2,134,RST,1,1529380774,45,0.000151,0.000151,0,0.000151,0.000151,0.000151,1,1,74,60,6622.516602,0,0,6658,3082,100,46,395,94,13310.7,13621.6,23,48,13245,13310.7,46,94,1,Theft,Keylogging
3668484,1529380776,e,1,tcp,1,192.168.100.3,42985,192.168.100.150,4433,2,134,RST,1,1529380776,47,0.000218,0.000218,0,0.000218,0.000218,0.000218,1,1,74,60,4587.155762,0,0,6658,3576,100,54,395,94,13310.7,13025.8,25,48,9174.31,13310.7,48,94,1,Theft,Keylogging
3668485,1529380776,e,1,tcp,1,192.168.100.3,54799,192.168.100.149,4433,2,134,RST,1,1529380776,48,0.000218,0.000218,0,0.000218,0.000218,0.000218,1,1,74,60,4587.155762,0,0,6658,3082,100,46,395,94,13310.7,13621.6,23,48,9174.31,13310.7,46,94,1,Theft,Keylogging
3668486,1529380778,e,1,tcp,1,192.168.100.3,42987,192.168.100.150,4433,2,134,RST,1,1529380778,49,0.000205,0.000205,0,0.000205,0.000205,0.000205,1,1,74,60,4878.048828,0,0,6658,3576,100,54,395,94,13310.7,13025.8,25,48,9756.1,13310.7,48,94,1,Theft,Keylogging
3668487,1529380778,e,1,tcp,1,192.168.100.3,54801,192.168.100.149,4433,2,134,RST,1,1529380778,50,0.000164,0.000164,0,0.000164,0.000164,0.000164,1,1,74,60,6097.561035,0,0,6658,3082,100,46,395,94,13310.7,13621.6,23,48,12195.1,13310.7,46,94,1,Theft,Keylogging
3668488,1529380780,e,1,tcp,1,192.168.100.3,42989,192.168.100.150,4433,2,134,RST,1,1529380780,51,0.000211,0.000211,0,0.000211,0.000211,0.000211,1,1,74,60,4739.336426,0,0,6658,3576,100,54,395,94,13310.7,13025.8,25,48,9478.67,13310.7,48,94,1,Theft,Keylogging
3668489,1529380780,e,1,tcp,1,192.168.100.3,54803,192.168.100.149,4433,2,134,RST,1,1529380780,52,0.000136,0.000136,0,0.000136,0.000136,0.000136,1,1,74,60,7352.940918,0,0,6658,3082,100,46,395,94,13310.7,13621.6,23,48,14705.9,13310.7,46,94,1,Theft,Keylogging
3668490,1529380782,e,1,tcp,1,192.168.100.3,42991,192.168.100.150,4433,2,134,RST,1,1529380782,53,0.000129,0.000129,0,0.000129,0.000129,0.000129,1,1,74,60,7751.938477,0,0,6658,3576,100,54,395,94,13310.7,13025.8,25,48,15503.9,13310.7,48,94,1,Theft,Keylogging
3668491,1529380782,e,1,tcp,1,192.168.100.3,54805,192.168.100.149,4433,2,134,RST,1,1529380782,54,0.000133,0.000133,0,0.000133,0.000133,0.000133,1,1,74,60,7518.797363,0,0,6658,3082,100,46,395,94,13310.7,13621.6,23,48,15037.6,13310.7,46,94,1,Theft,Keylogging
3668492,1529380784,e,1,tcp,1,192.168.100.3,42993,192.168.100.150,4433,2,134,RST,1,1529380784,55,0.000145,0.000145,0,0.000145,0.000145,0.000145,1,1,74,60,6896.551758,0,0,6658,3576,100,54,395,94,13310.7,13025.8,25,48,13793.1,13310.7,48,94,1,Theft,Keylogging
3668493,1529380784,e,1,tcp,1,192.168.100.3,54807,192.168.100.149,4433,2,134,RST,1,1529380784,56,0.000148,0.000148,0,0.000148,0.000148,0.000148,1,1,74,60,6756.756348,0,0,6658,3082,100,46,395,94,13310.7,13621.6,23,48,13513.5,13310.7,46,94,1,Theft,Keylogging
3668494,1529380786,e,1,tcp,1,192.168.100.3,42995,192.168.100.150,4433,2,134,RST,1,1529380786,57,0.000147,0.000147,0,0.000147,0.000147,0.000147,1,1,74,60,6802.721191,0,0,6658,3576,100,54,395,94,13310.7,13025.8,25,48,13605.4,13310.7,48,94,1,Theft,Keylogging
3668495,1529380786,e,1,tcp,1,192.168.100.3,54809,192.168.100.149,4433,2,134,RST,1,1529380786,58,0.000147,0.000147,0,0.000147,0.000147,0.000147,1,1,74,60,6802.721191,0,0,6658,3082,100,46,395,94,13310.7,13621.6,23,48,13605.4,13310.7,46,94,1,Theft,Keylogging
3668496,1529380787,e,1,tcp,1,192.168.100.150,35028,192.168.100.3,22,29,5164,FIN,6,1529380791,59,4.438785,4.438785,0,4.438785,4.438785,4.438785,13,16,1640,3524,6.308033,2.703442,3.379303,40460,39140,259,237,395,215,11.9783,10.8675,8,19,6.53332,10.8675,215,215,1,Theft,Keylogging
3668497,1529380788,e,1,tcp,1,192.168.100.3,42997,192.168.100.150,4433,2,134,RST,1,1529380788,60,0.000137,0.000137,0,0.000137,0.000137,0.000137,1,1,74,60,7299.270508,0,0,6658,3576,100,54,395,94,13310.7,13025.8,25,48,14598.5,13310.7,48,94,1,Theft,Keylogging
3668498,1529380788,e,1,tcp,1,192.168.100.3,54811,192.168.100.149,4433,2,134,RST,1,1529380788,61,0.000141,0.000141,0,0.000141,0.000141,0.000141,1,1,74,60,7092.19873,0,0,6658,3082,100,46,395,94,13310.7,13621.6,23,48,14184.4,13310.7,46,94,1,Theft,Keylogging
3668499,1529380790,e,1,tcp,1,192.168.100.3,42999,192.168.100.150,4433,2,134,RST,1,1529380790,62,0.000086,0.000086,0,0.000086,0.000086,0.000086,1,1,74,60,11627.90723,0,0,6658,3576,100,54,395,94,13310.7,13025.8,25,48,23255.8,13310.7,48,94,1,Theft,Keylogging
3668500,1529380790,e s,2,tcp,1,192.168.100.150,35030,192.168.100.3,22,32,5538,FIN,6,1529380794,63,3.42974,3.42974,0,3.42974,3.42974,3.42974,15,17,1868,3670,9.038587,4.081942,4.665077,40460,39140,259,237,395,215,11.9783,10.8675,8,19,9.33015,10.8675,215,215,1,Theft,Keylogging
3668501,1529380790,e,1,tcp,1,192.168.100.150,35032,192.168.100.3,22,31,5472,FIN,6,1529380794,64,3.426419,3.426419,0,3.426419,3.426419,3.426419,14,17,1802,3670,8.755497,3.794049,4.669598,79240,79240,471,471,475,471,9.88933,9.88933,19,19,9.04735,9.88933,441,441,1,Theft,Keylogging
3668502,1529380790,e,1,tcp,1,192.168.100.150,35034,192.168.100.3,22,31,5472,FIN,6,1529380794,65,3.436743,3.436743,0,3.436743,3.436743,3.436743,14,17,1802,3670,8.729195,3.782651,4.655571,79240,79240,471,471,475,471,9.88933,9.88933,19,19,9.02017,9.88933,441,441,1,Theft,Keylogging
3668503,1529380790,e,1,tcp,1,192.168.100.150,35038,192.168.100.3,22,32,5538,FIN,6,1529380794,66,3.437507,3.437507,0,3.437507,3.437507,3.437507,15,17,1868,3670,9.018164,4.072719,4.654536,79240,79240,471,471,475,471,9.88933,9.88933,19,19,9.30907,9.88933,441,441,1,Theft,Keylogging
3668504,1529380790,e,1,tcp,1,192.168.100.150,35036,192.168.100.3,22,32,5538,FIN,6,1529380794,67,3.427324,3.427324,0,3.427324,3.427324,3.427324,15,17,1868,3670,9.044957,4.084819,4.668365,79240,79240,471,471,475,471,9.88933,9.88933,19,19,9.33673,9.88933,441,441,1,Theft,Keylogging
3668505,1529380790,e,1,tcp,1,192.168.100.150,35040,192.168.100.3,22,31,5472,FIN,6,1529380794,68,3.438046,3.438046,0,3.438046,3.438046,3.438046,14,17,1802,3670,8.725886,3.781218,4.653806,79240,79240,471,471,475,471,9.88933,9.88933,19,19,9.01675,9.88933,441,441,1,Theft,Keylogging
3668506,1529380790,e,1,tcp,1,192.168.100.150,35042,192.168.100.3,22,33,5604,FIN,6,1529380794,69,3.428771,3.428771,0,3.428771,3.428771,3.428771,15,18,1868,3736,9.33279,4.083096,4.958045,79240,79240,471,471,475,471,9.88933,9.88933,19,19,9.62444,9.88933,441,441,1,Theft,Keylogging
3668507,1529380790,e,1,tcp,1,192.168.100.150,35044,192.168.100.3,22,32,5538,FIN,6,1529380794,70,3.433171,3.433171,0,3.433171,3.433171,3.433171,15,17,1868,3670,9.029553,4.077863,4.660415,79240,79240,471,471,475,471,9.88933,9.88933,19,19,9.32083,9.88933,441,441,1,Theft,Keylogging
3668508,1529380790,e,1,tcp,1,192.168.100.150,35046,192.168.100.3,22,31,5472,FIN,6,1529380794,71,3.438371,3.438371,0,3.438371,3.438371,3.438371,14,17,1802,3670,8.725062,3.78086,4.653367,79240,79240,471,471,475,471,9.88933,9.88933,19,19,9.0159,9.88933,441,441,1,Theft,Keylogging
3668509,1529380790,e,1,tcp,1,192.168.100.150,35048,192.168.100.3,22,6,434,RST,1,1529380790,72,0.002618,0.002618,0,0.002618,0.002618,0.002618,3,3,228,206,1909.854858,763.941956,763.941956,79240,79240,471,471,475,471,9.88933,9.88933,19,19,2291.83,9.88933,30,30,1,Theft,Keylogging
3668510,1529380790,e,1,tcp,1,192.168.100.150,35050,192.168.100.3,22,32,5538,FIN,6,1529380794,73,3.427753,3.427753,0,3.427753,3.427753,3.427753,15,17,1868,3670,9.043825,4.084308,4.667781,79240,79240,471,471,475,471,9.88933,9.88933,19,19,9.33556,9.88933,441,441,1,Theft,Keylogging
3668511,1529380790,e,1,tcp,1,192.168.100.150,35052,192.168.100.3,22,32,5538,FIN,6,1529380794,74,3.42964,3.42964,0,3.42964,3.42964,3.42964,14,18,1802,3736,9.03885,3.790485,4.956789,79240,79240,471,471,475,471,9.88933,9.88933,19,19,9.33043,9.88933,441,441,1,Theft,Keylogging
3668512,1529380790,e,1,tcp,1,192.168.100.150,35054,192.168.100.3,22,31,5472,FIN,6,1529380794,75,3.432067,3.432067,0,3.432067,3.432067,3.432067,14,17,1802,3670,8.741088,3.787805,4.661914,79240,79240,471,471,475,471,9.88933,9.88933,19,19,9.03246,9.88933,441,441,1,Theft,Keylogging
3668513,1529380790,e,1,tcp,1,192.168.100.150,35056,192.168.100.3,22,31,5472,FIN,6,1529380794,76,3.430033,3.430033,0,3.430033,3.430033,3.430033,14,17,1802,3670,8.746272,3.790051,4.664678,79240,79240,471,471,475,471,9.88933,9.88933,19,19,9.03781,9.88933,441,441,1,Theft,Keylogging
3668514,1529380790,e,1,tcp,1,192.168.100.150,35058,192.168.100.3,22,6,434,RST,1,1529380790,77,0.095947,0.095947,0,0.095947,0.095947,0.095947,3,3,228,206,52.112106,20.844843,20.844843,79240,79240,471,471,475,471,9.88933,9.88933,19,19,62.5345,9.88933,30,30,1,Theft,Keylogging
3668515,1529380790,e,1,tcp,1,192.168.100.150,35060,192.168.100.3,22,31,5472,FIN,6,1529380794,78,3.430919,3.430919,0,3.430919,3.430919,3.430919,14,17,1802,3670,8.744013,3.789072,4.663474,79240,79240,471,471,475,471,9.88933,9.88933,19,19,9.03548,9.88933,441,441,1,Theft,Keylogging
3668516,1529380790,e,1,tcp,1,192.168.100.3,54813,192.168.100.149,4433,2,134,RST,1,1529380790,79,0.000176,0.000176,0,0.000176,0.000176,0.000176,1,1,74,60,5681.818359,0,0,1228,1094,20,18,475,4,22346.4,11363.6,2,3,11363.6,22346.4,2,4,1,Theft,Keylogging
3668517,1529380790,e,1,tcp,1,192.168.100.150,35062,192.168.100.3,22,6,434,RST,1,1529380791,80,0.023737,0.023737,0,0.023737,0.023737,0.023737,3,3,228,206,210.641617,84.256645,84.256645,79240,79240,471,471,475,471,9.88933,9.88933,19,19,252.77,9.88933,30,30,1,Theft,Keylogging
3668518,1529380791,e,1,tcp,1,192.168.100.150,35064,192.168.100.3,22,6,434,RST,1,1529380791,81,0.013165,0.013165,0,0.013165,0.013165,0.013165,3,3,228,206,379.794922,151.917969,151.917969,79240,79240,471,471,475,471,9.88933,9.88933,19,19,455.754,9.88933,30,30,1,Theft,Keylogging
3668519,1529380791,e,1,tcp,1,192.168.100.150,35066,192.168.100.3,22,6,434,RST,1,1529380791,82,0.000574,0.000574,0,0.000574,0.000574,0.000574,3,3,228,206,8710.801758,3484.320557,3484.320557,79240,79240,471,471,475,471,9.88933,9.88933,19,19,10453,9.88933,30,30,1,Theft,Keylogging
3668520,1529380791,e,1,tcp,1,192.168.100.150,35070,192.168.100.3,22,31,5472,FIN,6,1529380794,84,2.874302,2.874302,0,2.874302,2.874302,2.874302,14,17,1802,3670,10.437317,4.522837,5.566569,79240,79240,471,471,475,471,9.88933,9.88933,19,19,10.7852,9.88933,441,441,1,Theft,Keylogging
3668521,1529380791,e,1,tcp,1,192.168.100.3,43001,192.168.100.150,4433,2,134,RST,1,1529380791,85,0.000003,0.000003,0,0.000003,0.000003,0.000003,1,1,74,60,333333.3125,0,0,1228,134,20,2,475,4,22346.4,666667,1,3,666667,22346.4,2,4,1,Theft,Keylogging
3668522,1529380745,e,1,arp,2,192.168.100.3,-1,192.168.100.149,-1,16,960,CON,2,1529381593,10,848.002686,0.000145,0.000056,0.00116,0.00008,0.000272,8,8,480,480,0.017689,0.008255,0.008255,1228,1094,20,18,16,16,0.0188679,0.0188679,2,3,0.0188679,0.0188679,16,16,1,Theft,Keylogging
